"Customer ID","Tenure (months)","Contract","Risk Level","Churn Probability","Recommendation"
"CUST00000","6","Month-to-month","Low","0.23995626673972242","Regular satisfaction survey"
"CUST00001","34","Two year","Low","0.23553950487383782","Regular satisfaction survey"
"CUST00002","54","Month-to-month","Low","0.12468564532533857","Regular satisfaction survey"
"CUST00003","13","Two year","Low","0.29324266029032986","Regular satisfaction survey"
"CUST00004","9","Month-to-month","Low","0.18859552084605577","Regular satisfaction survey"
"CUST00005","15","Month-to-month","Medium","0.6506704980638786","Targeted loyalty offer"
"CUST00006","53","Two year","Low","0.07953541151736823","Regular satisfaction survey"
"CUST00007","69","Two year","Low","0.00730021646018728","Regular satisfaction survey"
"CUST00008","43","Two year","Low","0.11449764097967223","Regular satisfaction survey"
"CUST00009","44","Month-to-month","Low","0.06168665738538682","Regular satisfaction survey"
"CUST00010","55","One year","Low","0.13542992846130864","Regular satisfaction survey"
"CUST00011","56","One year","Low","0.21771583968237357","Regular satisfaction survey"
"CUST00012","20","Two year","Low","0.07064701150964477","Regular satisfaction survey"
"CUST00013","67","One year","Low","0.12737891865713166","Regular satisfaction survey"
"CUST00014","49","One year","Medium","0.411341443370133","Targeted loyalty offer"
"CUST00015","32","Two year","Low","0.040835805155317415","Regular satisfaction survey"
"CUST00016","6","Month-to-month","High","0.7757911830011769","Offer 1-year contract with 15% discount"
"CUST00017","69","Two year","Low","0.013301335102281354","Regular satisfaction survey"
"CUST00018","14","One year","Medium","0.5740927022539385","Targeted loyalty offer"
"CUST00019","31","Month-to-month","Low","0.17505942343641384","Regular satisfaction survey"
"CUST00020","19","One year","Low","0.13647651350337406","Regular satisfaction survey"
"CUST00021","14","Month-to-month","High","0.732910538404245","Offer 1-year contract with 15% discount"
"CUST00022","47","One year","Low","0.12081795500529662","Regular satisfaction survey"
"CUST00023","70","Two year","Low","0.025830671584851715","Regular satisfaction survey"
"CUST00024","20","One year","Low","0.30643125026823304","Regular satisfaction survey"
"CUST00025","41","One year","Low","0.09102194975826028","Regular satisfaction survey"
"CUST00026","25","Month-to-month","Low","0.35150669890676955","Regular satisfaction survey"
"CUST00027","13","One year","Medium","0.6389912179134427","Targeted loyalty offer"
"CUST00028","56","Two year","Low","0.12586862252820044","Regular satisfaction survey"
"CUST00029","36","Two year","Low","0.061122635315082385","Regular satisfaction survey"
"CUST00030","57","Two year","Low","0.14495181302300741","Regular satisfaction survey"
"CUST00031","20","Month-to-month","High","0.7328908719691875","Offer 1-year contract with 15% discount"
"CUST00032","68","Month-to-month","Low","0.23636185695220277","Regular satisfaction survey"
"CUST00033","2","One year","Medium","0.46641686165030016","Targeted loyalty offer"
"CUST00034","36","One year","Low","0.34281210492504405","Regular satisfaction survey"
"CUST00035","48","One year","Low","0.15763649033826937","Regular satisfaction survey"
"CUST00036","18","Month-to-month","High","0.7915685213185037","Offer 1-year contract with 15% discount"
"CUST00037","11","Month-to-month","High","0.7289073278263902","Offer 1-year contract with 15% discount"
"CUST00038","60","One year","Low","0.11325010519668964","Regular satisfaction survey"
"CUST00039","40","Month-to-month","Low","0.29222934979010873","Regular satisfaction survey"
"CUST00040","32","Month-to-month","Low","0.32587234202537757","Regular satisfaction survey"
"CUST00041","49","Two year","Low","0.23847698041514628","Regular satisfaction survey"
"CUST00042","67","Two year","Low","0.1053780672638828","Regular satisfaction survey"
"CUST00043","70","One year","Low","0.020419590635126904","Regular satisfaction survey"
"CUST00044","32","One year","Low","0.18310748431548113","Regular satisfaction survey"
"CUST00045","23","Two year","Low","0.3444604105379944","Regular satisfaction survey"
"CUST00046","60","Month-to-month","Low","0.15798261401948405","Regular satisfaction survey"
"CUST00047","60","One year","Low","0.2194738780667036","Regular satisfaction survey"
"CUST00048","27","One year","Low","0.36634865578648684","Regular satisfaction survey"
"CUST00049","57","One year","Low","0.32053772113470735","Regular satisfaction survey"
"CUST00050","42","Month-to-month","Low","0.16351851467909287","Regular satisfaction survey"
"CUST00051","40","Two year","Low","0.018484537711595302","Regular satisfaction survey"
"CUST00052","38","One year","Low","0.13152178802168996","Regular satisfaction survey"
"CUST00053","48","Two year","Low","0.22962797832833234","Regular satisfaction survey"
"CUST00054","16","Two year","Medium","0.4513487468884188","Targeted loyalty offer"
"CUST00055","69","Month-to-month","Low","0.15763783690042574","Regular satisfaction survey"
"CUST00056","69","Month-to-month","Low","0.3173780800524794","Regular satisfaction survey"
"CUST00057","64","Month-to-month","Low","0.1652128771690986","Regular satisfaction survey"
"CUST00058","4","Month-to-month","High","0.7285706578079724","Offer 1-year contract with 15% discount"
"CUST00059","1","Month-to-month","High","0.7564742110539834","Offer 1-year contract with 15% discount"
"CUST00060","21","Month-to-month","Medium","0.6538097676810114","Targeted loyalty offer"
"CUST00061","56","One year","Low","0.1566855088717281","Regular satisfaction survey"
"CUST00062","65","Two year","Low","0.20082173344685444","Regular satisfaction survey"
"CUST00063","15","Month-to-month","Low","0.34342269073639903","Regular satisfaction survey"
"CUST00064","50","One year","Medium","0.43994357705415293","Targeted loyalty offer"
"CUST00065","38","Two year","Low","0.1937442702165496","Regular satisfaction survey"
"CUST00066","39","Month-to-month","Low","0.11993533340629992","Regular satisfaction survey"
"CUST00067","37","Month-to-month","Medium","0.5535655404429841","Targeted loyalty offer"
"CUST00068","59","One year","Low","0.025287568690384902","Regular satisfaction survey"
"CUST00069","58","Two year","Low","0.32223272660371627","Regular satisfaction survey"
"CUST00070","9","Month-to-month","Low","0.2836238968442878","Regular satisfaction survey"
"CUST00071","63","Two year","Low","0.04019623884220071","Regular satisfaction survey"
"CUST00072","62","One year","Low","0.23791398445431985","Regular satisfaction survey"
"CUST00073","48","Month-to-month","Medium","0.655579681699519","Targeted loyalty offer"
"CUST00074","63","Two year","Low","0.04563127914939162","Regular satisfaction survey"
"CUST00075","31","One year","Low","0.04836151845995154","Regular satisfaction survey"
"CUST00076","6","One year","Medium","0.42518863284186614","Targeted loyalty offer"
"CUST00077","20","Month-to-month","Low","0.24451004967290674","Regular satisfaction survey"
"CUST00078","19","Two year","Low","0.08553953605769782","Regular satisfaction survey"
"CUST00079","25","Month-to-month","Low","0.23236271965203797","Regular satisfaction survey"
"CUST00080","67","Month-to-month","Low","0.21998236910629448","Regular satisfaction survey"
"CUST00081","14","Two year","Low","0.33731375392627244","Regular satisfaction survey"
"CUST00082","13","Two year","Low","0.3975142611401772","Regular satisfaction survey"
"CUST00083","26","Two year","Low","0.2203948731436114","Regular satisfaction survey"
"CUST00084","39","One year","Low","0.38144809700782917","Regular satisfaction survey"
"CUST00085","57","One year","Low","0.2109237146931323","Regular satisfaction survey"
"CUST00086","27","Two year","Medium","0.420024960933138","Targeted loyalty offer"
"CUST00087","25","One year","High","0.7007779865537356","Personal retention specialist contact"
"CUST00088","62","Month-to-month","Medium","0.5792829846545131","Targeted loyalty offer"
"CUST00089","65","Two year","Low","0.11480383254042116","Regular satisfaction survey"
"CUST00090","24","Month-to-month","Low","0.3785972936755708","Regular satisfaction survey"
"CUST00091","2","Two year","Low","0.36376276567613486","Regular satisfaction survey"
"CUST00092","71","Month-to-month","Low","0.33976248949203436","Regular satisfaction survey"
"CUST00093","43","Two year","Low","0.029188843779080643","Regular satisfaction survey"
"CUST00094","41","Month-to-month","Medium","0.5062350556787968","Targeted loyalty offer"
"CUST00095","5","Two year","Low","0.1760559867879869","Regular satisfaction survey"
"CUST00096","38","Two year","Low","0.08773108893290504","Regular satisfaction survey"
"CUST00097","51","One year","Low","0.1506171289411126","Regular satisfaction survey"
"CUST00098","22","Month-to-month","High","0.7363591208592767","Offer 1-year contract with 15% discount"
"CUST00099","49","One year","Low","0.27496860804280965","Regular satisfaction survey"
"CUST00100","42","Month-to-month","Low","0.19088421553243537","Regular satisfaction survey"
"CUST00101","18","One year","Low","0.11746911840359134","Regular satisfaction survey"
"CUST00102","68","Two year","Low","0.044415466094698854","Regular satisfaction survey"
"CUST00103","50","One year","Low","0.09899691818510002","Regular satisfaction survey"
"CUST00104","10","One year","Low","0.13252221312172832","Regular satisfaction survey"
"CUST00105","11","Two year","Low","0.23233492264863764","Regular satisfaction survey"
"CUST00106","7","One year","Medium","0.4075275660543761","Targeted loyalty offer"
"CUST00107","23","Two year","Low","0.03788744816524378","Regular satisfaction survey"
"CUST00108","40","Month-to-month","Medium","0.6988303676465939","Targeted loyalty offer"
"CUST00109","35","One year","Low","0.1087156032801132","Regular satisfaction survey"
"CUST00110","71","Two year","Low","0.013008069722705805","Regular satisfaction survey"
"CUST00111","54","Two year","Low","0.12019528069067452","Regular satisfaction survey"
"CUST00112","8","One year","Medium","0.6946346785734098","Targeted loyalty offer"
"CUST00113","46","Month-to-month","Low","0.22729976649898698","Regular satisfaction survey"
"CUST00114","14","One year","Low","0.32253061741144795","Regular satisfaction survey"
"CUST00115","47","Two year","Low","0.03540971800653177","Regular satisfaction survey"
"CUST00116","41","Month-to-month","Low","0.33977073739090097","Regular satisfaction survey"
"CUST00117","59","One year","Low","0.2480001129718176","Regular satisfaction survey"
"CUST00118","69","Two year","Low","0.026794595302519073","Regular satisfaction survey"
"CUST00119","11","One year","Medium","0.6480237927290297","Targeted loyalty offer"
"CUST00120","1","Month-to-month","Medium","0.40204021378961446","Targeted loyalty offer"
"CUST00121","6","Month-to-month","Medium","0.6022022488350316","Targeted loyalty offer"
"CUST00122","2","Month-to-month","Medium","0.5147080582123962","Targeted loyalty offer"
"CUST00123","2","Month-to-month","High","0.7549196348195298","Offer 1-year contract with 15% discount"
"CUST00124","26","Month-to-month","Low","0.2571767712675014","Regular satisfaction survey"
"CUST00125","39","One year","Low","0.32669832310200414","Regular satisfaction survey"
"CUST00126","32","Month-to-month","Medium","0.4547533797979597","Targeted loyalty offer"
"CUST00127","0","Month-to-month","Medium","0.6008727379250132","Targeted loyalty offer"
"CUST00128","7","Two year","Low","0.09715062903494615","Regular satisfaction survey"
"CUST00129","31","Month-to-month","Low","0.2381428736053478","Regular satisfaction survey"
"CUST00130","47","Two year","Low","0.07054283765870827","Regular satisfaction survey"
"CUST00131","3","Two year","Low","0.3392741921837569","Regular satisfaction survey"
"CUST00132","69","Two year","Low","0.01785961073559082","Regular satisfaction survey"
"CUST00133","18","One year","Low","0.08541694345584913","Regular satisfaction survey"
"CUST00134","31","One year","Low","0.2012748857760204","Regular satisfaction survey"
"CUST00135","8","Two year","Low","0.1967648922146244","Regular satisfaction survey"
"CUST00136","11","One year","Low","0.22695610440558697","Regular satisfaction survey"
"CUST00137","10","Month-to-month","Low","0.136781277678943","Regular satisfaction survey"
"CUST00138","45","One year","Low","0.12120359521097851","Regular satisfaction survey"
"CUST00139","15","Month-to-month","Low","0.2147438471714748","Regular satisfaction survey"
"CUST00140","0","Month-to-month","Medium","0.6081066794748046","Targeted loyalty offer"
"CUST00141","62","One year","Low","0.2179752905830728","Regular satisfaction survey"
"CUST00142","20","One year","Low","0.37854400327852944","Regular satisfaction survey"
"CUST00143","29","Two year","Low","0.033577884820237255","Regular satisfaction survey"
"CUST00144","12","One year","Low","0.22848656069532963","Regular satisfaction survey"
"CUST00145","33","One year","Low","0.05361524368584034","Regular satisfaction survey"
"CUST00146","3","One year","Low","0.25710303348237024","Regular satisfaction survey"
"CUST00147","27","Month-to-month","Low","0.2769938532812587","Regular satisfaction survey"
"CUST00148","58","Month-to-month","Low","0.1772706503591662","Regular satisfaction survey"
"CUST00149","26","Month-to-month","Low","0.3072262068089223","Regular satisfaction survey"
"CUST00150","68","Two year","Low","0.10516361195730074","Regular satisfaction survey"
"CUST00151","24","Two year","Low","0.04220546202339133","Regular satisfaction survey"
"CUST00152","2","Two year","Low","0.3718344517983293","Regular satisfaction survey"
"CUST00153","67","Month-to-month","Low","0.02288787351145357","Regular satisfaction survey"
"CUST00154","24","One year","Low","0.3098045018730051","Regular satisfaction survey"
"CUST00155","19","Two year","Medium","0.47731997503342943","Targeted loyalty offer"
"CUST00156","33","Two year","Low","0.04722809925201375","Regular satisfaction survey"
"CUST00157","25","Month-to-month","Medium","0.43584634827744906","Targeted loyalty offer"
"CUST00158","4","Two year","Low","0.09836297055527266","Regular satisfaction survey"
"CUST00159","60","One year","Low","0.06561019231745537","Regular satisfaction survey"
"CUST00160","8","Month-to-month","Low","0.20657409563675083","Regular satisfaction survey"
"CUST00161","49","Month-to-month","Low","0.12962883853054666","Regular satisfaction survey"
"CUST00162","5","One year","Low","0.23795720766245887","Regular satisfaction survey"
"CUST00163","59","One year","Low","0.05460505126094438","Regular satisfaction survey"
"CUST00164","43","One year","Low","0.0307316712593548","Regular satisfaction survey"
"CUST00165","10","Two year","Low","0.09191125510318604","Regular satisfaction survey"
"CUST00166","65","One year","Low","0.1403194633120213","Regular satisfaction survey"
"CUST00167","46","Month-to-month","Low","0.10715647946057155","Regular satisfaction survey"
"CUST00168","2","One year","Medium","0.43094368887967627","Targeted loyalty offer"
"CUST00169","29","Month-to-month","Medium","0.690711438257967","Targeted loyalty offer"
"CUST00170","20","Month-to-month","High","0.8473628721822661","Offer 1-year contract with 15% discount"
"CUST00171","27","Two year","Low","0.0616691432962121","Regular satisfaction survey"
"CUST00172","61","One year","Low","0.22500657799806187","Regular satisfaction survey"
"CUST00173","32","Two year","Low","0.12793968542904724","Regular satisfaction survey"
"CUST00174","34","One year","Low","0.2079621801832817","Regular satisfaction survey"
"CUST00175","51","One year","Low","0.036012870623688104","Regular satisfaction survey"
"CUST00176","33","One year","Low","0.3236822056755482","Regular satisfaction survey"
"CUST00177","40","One year","Low","0.2639920070172221","Regular satisfaction survey"
"CUST00178","50","One year","Low","0.057917112885340884","Regular satisfaction survey"
"CUST00179","46","Month-to-month","Low","0.16280562376459518","Regular satisfaction survey"
"CUST00180","57","Month-to-month","Low","0.19339778928387635","Regular satisfaction survey"
"CUST00181","56","One year","Low","0.20204603151948","Regular satisfaction survey"
"CUST00182","22","Month-to-month","Medium","0.4127926987163825","Targeted loyalty offer"
"CUST00183","47","Two year","Low","0.1474947225443339","Regular satisfaction survey"
"CUST00184","21","Two year","Low","0.24238767894790486","Regular satisfaction survey"
"CUST00185","16","Two year","Low","0.10060816000414134","Regular satisfaction survey"
"CUST00186","68","One year","Low","0.06704426894788111","Regular satisfaction survey"
"CUST00187","10","One year","Low","0.21729656165460662","Regular satisfaction survey"
"CUST00188","14","Month-to-month","Low","0.396831833474598","Regular satisfaction survey"
"CUST00189","34","Month-to-month","Medium","0.4794659880196459","Targeted loyalty offer"
"CUST00190","32","Month-to-month","Low","0.12254273658753563","Regular satisfaction survey"
"CUST00191","15","Two year","Low","0.39467193752388396","Regular satisfaction survey"
"CUST00192","33","Two year","Low","0.2467464875427889","Regular satisfaction survey"
"CUST00193","65","Two year","Low","0.028866728003664053","Regular satisfaction survey"
"CUST00194","39","Two year","Low","0.059412279470183856","Regular satisfaction survey"
"CUST00195","27","Month-to-month","High","0.7527117370475522","Offer 1-year contract with 15% discount"
"CUST00196","46","One year","Low","0.0446016399378743","Regular satisfaction survey"
"CUST00197","38","One year","Medium","0.44427214803085807","Targeted loyalty offer"
"CUST00198","69","Two year","Low","0.01002023114748303","Regular satisfaction survey"
"CUST00199","19","One year","Low","0.17444881051984834","Regular satisfaction survey"
"CUST00200","0","One year","Low","0.20534194178946724","Regular satisfaction survey"
"CUST00201","71","One year","Low","0.0469903489798003","Regular satisfaction survey"
"CUST00202","62","Two year","Low","0.09526724628187375","Regular satisfaction survey"
"CUST00203","66","Month-to-month","Low","0.17120287241186863","Regular satisfaction survey"
"CUST00204","3","Month-to-month","Medium","0.5857405188370398","Targeted loyalty offer"
"CUST00205","57","One year","Low","0.04453210553998746","Regular satisfaction survey"
"CUST00206","24","Month-to-month","Low","0.2576137578840433","Regular satisfaction survey"
"CUST00207","46","Month-to-month","Medium","0.43493096531005415","Targeted loyalty offer"
"CUST00208","37","Two year","Low","0.28341788420402825","Regular satisfaction survey"
"CUST00209","14","Two year","Low","0.05949424519854525","Regular satisfaction survey"
"CUST00210","62","One year","Low","0.04641558581735127","Regular satisfaction survey"
"CUST00211","20","One year","Medium","0.5479593477023995","Targeted loyalty offer"
"CUST00212","56","One year","Low","0.35224525801158535","Regular satisfaction survey"
"CUST00213","52","Two year","Low","0.026021971769472838","Regular satisfaction survey"
"CUST00214","45","Month-to-month","Medium","0.5492626305473602","Targeted loyalty offer"
"CUST00215","13","Two year","Low","0.04125471319836001","Regular satisfaction survey"
"CUST00216","16","Two year","Low","0.0801153360642061","Regular satisfaction survey"
"CUST00217","38","Month-to-month","Medium","0.4977644416254919","Targeted loyalty offer"
"CUST00218","8","Month-to-month","Low","0.339823897348572","Regular satisfaction survey"
"CUST00219","5","One year","Low","0.13842678061055338","Regular satisfaction survey"
"CUST00220","22","Month-to-month","Low","0.20760957671936253","Regular satisfaction survey"
"CUST00221","58","Month-to-month","Low","0.11005629057828677","Regular satisfaction survey"
"CUST00222","45","Month-to-month","Low","0.1255245396672829","Regular satisfaction survey"
"CUST00223","37","Month-to-month","Low","0.1262076626536561","Regular satisfaction survey"
"CUST00224","13","One year","Low","0.1504241530201329","Regular satisfaction survey"
"CUST00225","71","One year","Low","0.16472792990562385","Regular satisfaction survey"
"CUST00226","61","Month-to-month","Low","0.09017954555524758","Regular satisfaction survey"
"CUST00227","34","Month-to-month","Medium","0.6529171257036815","Targeted loyalty offer"
"CUST00228","18","One year","Medium","0.5269040387957594","Targeted loyalty offer"
"CUST00229","29","One year","Low","0.11371972855697592","Regular satisfaction survey"
"CUST00230","24","Month-to-month","Low","0.3973947172611315","Regular satisfaction survey"
"CUST00231","39","Two year","Low","0.23197086993463434","Regular satisfaction survey"
"CUST00232","13","One year","Medium","0.4114650564933189","Targeted loyalty offer"
"CUST00233","25","One year","Low","0.14893754744222212","Regular satisfaction survey"
"CUST00234","21","One year","Low","0.07149334322445755","Regular satisfaction survey"
"CUST00235","47","Month-to-month","Medium","0.4438469728641598","Targeted loyalty offer"
"CUST00236","50","Month-to-month","Medium","0.5591526781446104","Targeted loyalty offer"
"CUST00237","2","One year","Medium","0.6428534003117299","Targeted loyalty offer"
"CUST00238","41","Month-to-month","Low","0.3094577920446975","Regular satisfaction survey"
"CUST00239","18","Month-to-month","Medium","0.6647711288701563","Targeted loyalty offer"
"CUST00240","27","One year","Low","0.31692679382249955","Regular satisfaction survey"
"CUST00241","44","Month-to-month","Low","0.15989688577943778","Regular satisfaction survey"
"CUST00242","70","Two year","Low","0.02734873048028946","Regular satisfaction survey"
"CUST00243","62","Month-to-month","Low","0.38120753525395173","Regular satisfaction survey"
"CUST00244","18","Month-to-month","Low","0.27693867872124894","Regular satisfaction survey"
"CUST00245","46","One year","Low","0.04621899684375529","Regular satisfaction survey"
"CUST00246","13","One year","Low","0.1844636596062795","Regular satisfaction survey"
"CUST00247","37","Two year","Low","0.04553181167445319","Regular satisfaction survey"
"CUST00248","52","Month-to-month","Low","0.1974535077475694","Regular satisfaction survey"
"CUST00249","60","Two year","Low","0.07467841490294538","Regular satisfaction survey"
"CUST00250","35","Two year","Low","0.19421060859137695","Regular satisfaction survey"
"CUST00251","39","One year","Low","0.395085149341624","Regular satisfaction survey"
"CUST00252","29","Month-to-month","Medium","0.6733106700897435","Targeted loyalty offer"
"CUST00253","8","One year","Low","0.17788491700891826","Regular satisfaction survey"
"CUST00254","63","Two year","Low","0.017104410887860366","Regular satisfaction survey"
"CUST00255","32","Two year","Low","0.1464496770610405","Regular satisfaction survey"
"CUST00256","51","One year","Low","0.19297517503231215","Regular satisfaction survey"
"CUST00257","13","One year","Medium","0.6682983059967041","Targeted loyalty offer"
"CUST00258","52","One year","Low","0.13405700757978692","Regular satisfaction survey"
"CUST00259","58","One year","Low","0.05627494553498518","Regular satisfaction survey"
"CUST00260","40","One year","Low","0.22562160864192538","Regular satisfaction survey"
"CUST00261","67","Two year","Low","0.07176198052022995","Regular satisfaction survey"
"CUST00262","67","One year","Low","0.08271331190723198","Regular satisfaction survey"
"CUST00263","7","Month-to-month","Medium","0.6868200604428633","Targeted loyalty offer"
"CUST00264","1","Two year","Medium","0.5991844861694084","Targeted loyalty offer"
"CUST00265","40","Two year","Low","0.12396532953585908","Regular satisfaction survey"
"CUST00266","54","Month-to-month","Low","0.3285786146422229","Regular satisfaction survey"
"CUST00267","15","Month-to-month","Low","0.2647499267162637","Regular satisfaction survey"
"CUST00268","61","Two year","Low","0.10372471469934652","Regular satisfaction survey"
"CUST00269","47","One year","Low","0.06160965537919435","Regular satisfaction survey"
"CUST00270","29","Two year","Low","0.21182505659907577","Regular satisfaction survey"
"CUST00271","11","Two year","Medium","0.4287799559588106","Targeted loyalty offer"
"CUST00272","34","Month-to-month","Low","0.11949134162433896","Regular satisfaction survey"
"CUST00273","10","Two year","Medium","0.5385723905252662","Targeted loyalty offer"
"CUST00274","63","One year","Low","0.20675415989307142","Regular satisfaction survey"
"CUST00275","49","Month-to-month","Low","0.13041687933083163","Regular satisfaction survey"
"CUST00276","20","Two year","Low","0.13886070422981556","Regular satisfaction survey"
"CUST00277","68","Two year","Low","0.021280504428675157","Regular satisfaction survey"
"CUST00278","47","One year","Low","0.2566212776733737","Regular satisfaction survey"
"CUST00279","19","Two year","Low","0.047648799724133724","Regular satisfaction survey"
"CUST00280","66","Two year","Low","0.04084183779743277","Regular satisfaction survey"
"CUST00281","43","Two year","Low","0.048660796397040594","Regular satisfaction survey"
"CUST00282","32","Two year","Low","0.2964056384697468","Regular satisfaction survey"
"CUST00283","60","One year","Low","0.07297242181889768","Regular satisfaction survey"
"CUST00284","8","Two year","Low","0.29989517399688814","Regular satisfaction survey"
"CUST00285","67","Two year","Low","0.07845643065128131","Regular satisfaction survey"
"CUST00286","34","Two year","Low","0.07550765932523563","Regular satisfaction survey"
"CUST00287","64","Month-to-month","Low","0.16173558417201042","Regular satisfaction survey"
"CUST00288","7","One year","Medium","0.6424184478493448","Targeted loyalty offer"
"CUST00289","44","Month-to-month","Medium","0.6303931283125305","Targeted loyalty offer"
"CUST00290","46","Month-to-month","Low","0.0794197046498998","Regular satisfaction survey"
"CUST00291","39","One year","Low","0.34305049623264133","Regular satisfaction survey"
"CUST00292","53","Month-to-month","Low","0.3277766502345878","Regular satisfaction survey"
"CUST00293","45","Month-to-month","Low","0.09463352629383087","Regular satisfaction survey"
"CUST00294","46","Month-to-month","Medium","0.4736340640616024","Targeted loyalty offer"
"CUST00295","14","One year","Medium","0.4416121232137229","Targeted loyalty offer"
"CUST00296","18","Two year","Low","0.15167769446095314","Regular satisfaction survey"
"CUST00297","25","One year","Medium","0.49891871298964546","Targeted loyalty offer"
"CUST00298","51","One year","Low","0.05079456726968768","Regular satisfaction survey"
"CUST00299","21","One year","Medium","0.5289053509864515","Targeted loyalty offer"
"CUST00300","20","Month-to-month","Medium","0.47401030508048914","Targeted loyalty offer"
"CUST00301","50","Two year","Low","0.0196270179085423","Regular satisfaction survey"
"CUST00302","37","One year","Low","0.3252496157735689","Regular satisfaction survey"
"CUST00303","19","One year","Medium","0.44695654633742343","Targeted loyalty offer"
"CUST00304","28","Two year","Low","0.0629052969207372","Regular satisfaction survey"
"CUST00305","50","Two year","Low","0.019068549924469345","Regular satisfaction survey"
"CUST00306","3","Two year","Low","0.2959319337792395","Regular satisfaction survey"
"CUST00307","54","Month-to-month","Low","0.30660442122011095","Regular satisfaction survey"
"CUST00308","70","Two year","Low","0.10486559447914252","Regular satisfaction survey"
"CUST00309","27","Month-to-month","High","0.7168998169805191","Offer 1-year contract with 15% discount"
"CUST00310","3","One year","Low","0.22436538570856218","Regular satisfaction survey"
"CUST00311","21","Month-to-month","Medium","0.4003640717216049","Targeted loyalty offer"
"CUST00312","44","Two year","Low","0.2001907159571824","Regular satisfaction survey"
"CUST00313","66","Month-to-month","Low","0.09845299392024967","Regular satisfaction survey"
"CUST00314","65","Two year","Low","0.09190049272377648","Regular satisfaction survey"
"CUST00315","33","Month-to-month","Low","0.1726857864130409","Regular satisfaction survey"
"CUST00316","54","One year","Low","0.39536951363475925","Regular satisfaction survey"
"CUST00317","0","Month-to-month","Medium","0.6124498151511799","Targeted loyalty offer"
"CUST00318","71","One year","Low","0.07205250263341323","Regular satisfaction survey"
"CUST00319","37","Two year","Low","0.3126667277672174","Regular satisfaction survey"
"CUST00320","5","One year","Medium","0.6750898346775724","Targeted loyalty offer"
"CUST00321","24","Two year","Low","0.30288269969722587","Regular satisfaction survey"
"CUST00322","16","Two year","Low","0.0883158709297334","Regular satisfaction survey"
"CUST00323","60","One year","Low","0.1631551156162574","Regular satisfaction survey"
"CUST00324","11","One year","Low","0.31974679220089186","Regular satisfaction survey"
"CUST00325","5","Month-to-month","High","0.8047867602275093","Offer 1-year contract with 15% discount"
"CUST00326","26","Month-to-month","Low","0.1747422462717556","Regular satisfaction survey"
"CUST00327","7","One year","Low","0.36338641788128045","Regular satisfaction survey"
"CUST00328","64","One year","Low","0.1426486928618349","Regular satisfaction survey"
"CUST00329","56","One year","Low","0.11545699848877054","Regular satisfaction survey"
"CUST00330","39","One year","Medium","0.4856834520156144","Targeted loyalty offer"
"CUST00331","13","Two year","Low","0.2586624530895497","Regular satisfaction survey"
"CUST00332","34","One year","Low","0.09457742376917609","Regular satisfaction survey"
"CUST00333","47","One year","Low","0.36802874521139894","Regular satisfaction survey"
"CUST00334","55","One year","Low","0.17573232451809837","Regular satisfaction survey"
"CUST00335","48","One year","Low","0.1411793133816192","Regular satisfaction survey"
"CUST00336","12","Two year","Low","0.12177859840010949","Regular satisfaction survey"
"CUST00337","60","Month-to-month","Medium","0.5149290190242737","Targeted loyalty offer"
"CUST00338","48","Month-to-month","Medium","0.4321828393464985","Targeted loyalty offer"
"CUST00339","45","Month-to-month","Medium","0.4014260604180335","Targeted loyalty offer"
"CUST00340","61","Month-to-month","Low","0.2338969928072355","Regular satisfaction survey"
"CUST00341","7","Month-to-month","Low","0.2392278915987193","Regular satisfaction survey"
"CUST00342","42","Two year","Low","0.15224586746095095","Regular satisfaction survey"
"CUST00343","19","Month-to-month","Low","0.2856251659111016","Regular satisfaction survey"
"CUST00344","38","Two year","Low","0.3001449381533094","Regular satisfaction survey"
"CUST00345","48","Two year","Low","0.027114065691054727","Regular satisfaction survey"
"CUST00346","63","Month-to-month","Low","0.10599259666312594","Regular satisfaction survey"
"CUST00347","61","Month-to-month","Low","0.06575108148134003","Regular satisfaction survey"
"CUST00348","53","Month-to-month","Medium","0.4074753597186249","Targeted loyalty offer"
"CUST00349","8","One year","Medium","0.4891490709524355","Targeted loyalty offer"
"CUST00350","36","Two year","Low","0.20177449329962371","Regular satisfaction survey"
"CUST00351","48","Month-to-month","Low","0.22925103994153911","Regular satisfaction survey"
"CUST00352","40","One year","Low","0.039045320977275755","Regular satisfaction survey"
"CUST00353","16","Two year","Low","0.05828333885931076","Regular satisfaction survey"
"CUST00354","20","One year","Low","0.08840594848136747","Regular satisfaction survey"
"CUST00355","50","One year","Low","0.09797112067426184","Regular satisfaction survey"
"CUST00356","58","Month-to-month","Low","0.08867973957721405","Regular satisfaction survey"
"CUST00357","38","Two year","Low","0.18740205203383928","Regular satisfaction survey"
"CUST00358","54","One year","Low","0.2340114796449972","Regular satisfaction survey"
"CUST00359","40","Two year","Low","0.024219145546530565","Regular satisfaction survey"
"CUST00360","38","Month-to-month","Medium","0.5966695049321324","Targeted loyalty offer"
"CUST00361","12","Two year","Low","0.21542077146920374","Regular satisfaction survey"
"CUST00362","63","One year","Low","0.09530152641984475","Regular satisfaction survey"
"CUST00363","10","One year","Low","0.2652978784793236","Regular satisfaction survey"
"CUST00364","18","Two year","Low","0.28640982080386085","Regular satisfaction survey"
"CUST00365","10","One year","Medium","0.6903829806392172","Targeted loyalty offer"
"CUST00366","45","One year","Low","0.34796141569693445","Regular satisfaction survey"
"CUST00367","44","One year","Low","0.08620469020084917","Regular satisfaction survey"
"CUST00368","0","Month-to-month","High","0.7985065069344005","Offer 1-year contract with 15% discount"
"CUST00369","39","Month-to-month","Medium","0.45490459705838104","Targeted loyalty offer"
"CUST00370","18","One year","Low","0.36978791926879934","Regular satisfaction survey"
"CUST00371","71","Two year","Low","0.06378106539808073","Regular satisfaction survey"
"CUST00372","71","Month-to-month","Low","0.230282967730282","Regular satisfaction survey"
"CUST00373","60","Two year","Low","0.010622855413793143","Regular satisfaction survey"
"CUST00374","11","One year","Low","0.20137402777741475","Regular satisfaction survey"
"CUST00375","60","One year","Low","0.09763443079312133","Regular satisfaction survey"
"CUST00376","32","Two year","Low","0.24164128185103875","Regular satisfaction survey"
"CUST00377","44","Month-to-month","Low","0.17812846732880067","Regular satisfaction survey"
"CUST00378","68","Two year","Low","0.1579035528833511","Regular satisfaction survey"
"CUST00379","7","Two year","Medium","0.4760657487141343","Targeted loyalty offer"
"CUST00380","24","One year","Low","0.16315606459349097","Regular satisfaction survey"
"CUST00381","45","Month-to-month","Medium","0.44023088783356307","Targeted loyalty offer"
"CUST00382","29","Two year","Low","0.15194925861277897","Regular satisfaction survey"
"CUST00383","46","Month-to-month","Low","0.3110676611933714","Regular satisfaction survey"
"CUST00384","48","One year","Low","0.14429995717107572","Regular satisfaction survey"
"CUST00385","46","Month-to-month","Medium","0.6478009052900239","Targeted loyalty offer"
"CUST00386","17","One year","Low","0.1465893319490085","Regular satisfaction survey"
"CUST00387","65","Month-to-month","Low","0.07029728589491345","Regular satisfaction survey"
"CUST00388","67","Two year","Low","0.14133761590788835","Regular satisfaction survey"
"CUST00389","32","One year","Low","0.10984532628017897","Regular satisfaction survey"
"CUST00390","35","Two year","Low","0.35022873044348063","Regular satisfaction survey"
"CUST00391","18","One year","Low","0.1792852726154948","Regular satisfaction survey"
"CUST00392","27","Month-to-month","Medium","0.6631031040317834","Targeted loyalty offer"
"CUST00393","39","Month-to-month","Low","0.29671160874131103","Regular satisfaction survey"
"CUST00394","14","One year","Medium","0.49708474778362427","Targeted loyalty offer"
"CUST00395","40","One year","Low","0.09458092638441783","Regular satisfaction survey"
"CUST00396","38","One year","Low","0.31754947151706636","Regular satisfaction survey"
"CUST00397","1","Month-to-month","High","0.7986790637215129","Offer 1-year contract with 15% discount"
"CUST00398","62","One year","Low","0.3641304866699207","Regular satisfaction survey"
"CUST00399","28","One year","Medium","0.6034794434210149","Targeted loyalty offer"
"CUST00400","65","Two year","Low","0.033326117578661836","Regular satisfaction survey"
"CUST00401","50","One year","Low","0.06664384682548573","Regular satisfaction survey"
"CUST00402","9","Two year","Low","0.34081596441866996","Regular satisfaction survey"
"CUST00403","13","Two year","Medium","0.4367086025309463","Targeted loyalty offer"
"CUST00404","50","Two year","Low","0.06136964969180197","Regular satisfaction survey"
"CUST00405","38","Month-to-month","Low","0.1338127825320833","Regular satisfaction survey"
"CUST00406","27","Two year","Low","0.20664408570226","Regular satisfaction survey"
"CUST00407","2","One year","Medium","0.4280448751572305","Targeted loyalty offer"
"CUST00408","69","Month-to-month","Low","0.03800585343524346","Regular satisfaction survey"
"CUST00409","26","Month-to-month","Medium","0.5699768676809576","Targeted loyalty offer"
"CUST00410","1","Month-to-month","High","0.7551749892768118","Offer 1-year contract with 15% discount"
"CUST00411","37","Month-to-month","Low","0.11335422499484399","Regular satisfaction survey"
"CUST00412","2","Month-to-month","High","0.7365705431712405","Offer 1-year contract with 15% discount"
"CUST00413","15","Month-to-month","Low","0.3275779459737734","Regular satisfaction survey"
"CUST00414","39","Month-to-month","Low","0.39425201844303664","Regular satisfaction survey"
"CUST00415","1","Two year","Medium","0.4058261505256349","Targeted loyalty offer"
"CUST00416","40","One year","Medium","0.4210426326140942","Targeted loyalty offer"
"CUST00417","11","One year","Low","0.16446436427766617","Regular satisfaction survey"
"CUST00418","34","Two year","Low","0.07352352155539267","Regular satisfaction survey"
"CUST00419","64","Two year","Low","0.027901744208710902","Regular satisfaction survey"
"CUST00420","54","Month-to-month","Low","0.33180075361647327","Regular satisfaction survey"
"CUST00421","44","Month-to-month","Medium","0.47424943230674393","Targeted loyalty offer"
"CUST00422","61","Two year","Low","0.12605261333790957","Regular satisfaction survey"
"CUST00423","48","Month-to-month","Medium","0.4139562760995488","Targeted loyalty offer"
"CUST00424","24","One year","Low","0.20744088336360997","Regular satisfaction survey"
"CUST00425","22","One year","Low","0.10068175185001395","Regular satisfaction survey"
"CUST00426","23","Month-to-month","Low","0.1311607743435363","Regular satisfaction survey"
"CUST00427","37","Month-to-month","Medium","0.6293914761843238","Targeted loyalty offer"
"CUST00428","27","Month-to-month","Low","0.24238472704026431","Regular satisfaction survey"
"CUST00429","20","One year","Low","0.2269738326082581","Regular satisfaction survey"
"CUST00430","53","Month-to-month","Medium","0.41317289090442505","Targeted loyalty offer"
"CUST00431","17","Two year","Low","0.10937754230638566","Regular satisfaction survey"
"CUST00432","35","Month-to-month","Medium","0.5159507231535406","Targeted loyalty offer"
"CUST00433","44","Two year","Low","0.062117002107282826","Regular satisfaction survey"
"CUST00434","52","Month-to-month","Medium","0.5286934258216198","Targeted loyalty offer"
"CUST00435","29","Month-to-month","Medium","0.526966710341886","Targeted loyalty offer"
"CUST00436","59","One year","Low","0.049113151050474396","Regular satisfaction survey"
"CUST00437","31","Two year","Low","0.18103280606561195","Regular satisfaction survey"
"CUST00438","66","Two year","Low","0.0847866744286097","Regular satisfaction survey"
"CUST00439","66","Two year","Low","0.02539465441592448","Regular satisfaction survey"
"CUST00440","27","One year","Low","0.06674129822476693","Regular satisfaction survey"
"CUST00441","43","Two year","Low","0.0771201186957274","Regular satisfaction survey"
"CUST00442","40","One year","Low","0.18089468353820432","Regular satisfaction survey"
"CUST00443","62","Month-to-month","Low","0.06817351669443626","Regular satisfaction survey"
"CUST00444","22","Month-to-month","Low","0.3282837690430005","Regular satisfaction survey"
"CUST00445","47","Two year","Low","0.028638969153469862","Regular satisfaction survey"
"CUST00446","31","Month-to-month","Medium","0.6941436128011224","Targeted loyalty offer"
"CUST00447","56","Month-to-month","Low","0.059772228420285387","Regular satisfaction survey"
"CUST00448","32","Two year","Low","0.02820641995515797","Regular satisfaction survey"
"CUST00449","23","Month-to-month","Low","0.21299862863036964","Regular satisfaction survey"
"CUST00450","38","Two year","Low","0.14242331168350084","Regular satisfaction survey"
"CUST00451","33","Two year","Low","0.12967386494619534","Regular satisfaction survey"
"CUST00452","55","Month-to-month","Low","0.3811895010789064","Regular satisfaction survey"
"CUST00453","27","Month-to-month","Low","0.3968006560430328","Regular satisfaction survey"
"CUST00454","36","Month-to-month","Medium","0.6582599773848248","Targeted loyalty offer"
"CUST00455","6","Month-to-month","Medium","0.4792771088033808","Targeted loyalty offer"
"CUST00456","67","Month-to-month","Low","0.05073907658124315","Regular satisfaction survey"
"CUST00457","36","One year","Low","0.0983968687012904","Regular satisfaction survey"
"CUST00458","55","Month-to-month","Medium","0.5385023463734836","Targeted loyalty offer"
"CUST00459","64","One year","Low","0.13117738321705047","Regular satisfaction survey"
"CUST00460","64","Two year","Low","0.029291689988072352","Regular satisfaction survey"
"CUST00461","46","Month-to-month","Medium","0.4996443707072142","Targeted loyalty offer"
"CUST00462","19","Month-to-month","Low","0.19793300176592213","Regular satisfaction survey"
"CUST00463","18","Month-to-month","Low","0.2616740390584465","Regular satisfaction survey"
"CUST00464","28","Two year","Low","0.3627036940730601","Regular satisfaction survey"
"CUST00465","59","One year","Low","0.03139512955931867","Regular satisfaction survey"
"CUST00466","17","One year","Low","0.13478678648561526","Regular satisfaction survey"
"CUST00467","34","Month-to-month","Medium","0.40394685195520363","Targeted loyalty offer"
"CUST00468","42","Month-to-month","Low","0.09514006296710333","Regular satisfaction survey"
"CUST00469","10","Month-to-month","Low","0.1917688530309305","Regular satisfaction survey"
"CUST00470","48","Month-to-month","Low","0.17313976911813955","Regular satisfaction survey"
"CUST00471","37","Two year","Low","0.029568012345156713","Regular satisfaction survey"
"CUST00472","63","Month-to-month","Medium","0.5620082933322148","Targeted loyalty offer"
"CUST00473","68","Two year","Low","0.04091866826093327","Regular satisfaction survey"
"CUST00474","7","Month-to-month","Low","0.35501955474438235","Regular satisfaction survey"
"CUST00475","33","One year","Low","0.05378778147066244","Regular satisfaction survey"
"CUST00476","47","One year","Medium","0.43362923984897894","Targeted loyalty offer"
"CUST00477","55","Month-to-month","Low","0.08545704084489952","Regular satisfaction survey"
"CUST00478","64","Month-to-month","Medium","0.42855547912143666","Targeted loyalty offer"
"CUST00479","30","Two year","Low","0.1822289416161406","Regular satisfaction survey"
"CUST00480","3","Month-to-month","Medium","0.6273546220274913","Targeted loyalty offer"
"CUST00481","49","Month-to-month","Low","0.12631330306658822","Regular satisfaction survey"
"CUST00482","68","Month-to-month","Low","0.06645941133739405","Regular satisfaction survey"
"CUST00483","29","One year","Low","0.156612516858374","Regular satisfaction survey"
"CUST00484","58","Two year","Low","0.19221555694375086","Regular satisfaction survey"
"CUST00485","66","One year","Low","0.020118781488273486","Regular satisfaction survey"
"CUST00486","44","Two year","Low","0.03520131884009892","Regular satisfaction survey"
"CUST00487","3","One year","Medium","0.5650930759923449","Targeted loyalty offer"
"CUST00488","25","Month-to-month","Low","0.08349439057299746","Regular satisfaction survey"
"CUST00489","26","One year","Low","0.24975446225786488","Regular satisfaction survey"
"CUST00490","45","One year","Low","0.039477059304476377","Regular satisfaction survey"
"CUST00491","63","Two year","Low","0.05253668542313123","Regular satisfaction survey"
"CUST00492","50","Two year","Low","0.03840522957752022","Regular satisfaction survey"
"CUST00493","49","One year","Low","0.21558200562200255","Regular satisfaction survey"
"CUST00494","5","Two year","Medium","0.5187502304388704","Targeted loyalty offer"
"CUST00495","58","Two year","Low","0.028250933007055196","Regular satisfaction survey"
"CUST00496","14","Two year","Low","0.3159091692504194","Regular satisfaction survey"
"CUST00497","29","Two year","Low","0.10999647931493357","Regular satisfaction survey"
"CUST00498","41","Two year","Low","0.11415975544864793","Regular satisfaction survey"
"CUST00499","36","One year","Low","0.0712753381218357","Regular satisfaction survey"
"CUST00500","41","Two year","Low","0.017722912323958524","Regular satisfaction survey"
"CUST00501","34","Month-to-month","Medium","0.6264620512463654","Targeted loyalty offer"
"CUST00502","5","One year","Medium","0.5737424540847509","Targeted loyalty offer"
"CUST00503","67","One year","Low","0.08281438809485353","Regular satisfaction survey"
"CUST00504","17","One year","Medium","0.510607899681048","Targeted loyalty offer"
"CUST00505","28","Two year","Low","0.0817592747447087","Regular satisfaction survey"
"CUST00506","58","Month-to-month","Low","0.39807352609636054","Regular satisfaction survey"
"CUST00507","46","Two year","Low","0.12192971354882327","Regular satisfaction survey"
"CUST00508","16","One year","Low","0.35703214201968414","Regular satisfaction survey"
"CUST00509","21","One year","Low","0.07844607508959436","Regular satisfaction survey"
"CUST00510","67","One year","Low","0.20991906258894566","Regular satisfaction survey"
"CUST00511","68","One year","Low","0.06014026577509639","Regular satisfaction survey"
"CUST00512","36","Two year","Low","0.08596958448754777","Regular satisfaction survey"
"CUST00513","48","Month-to-month","Medium","0.6202785161675556","Targeted loyalty offer"
"CUST00514","12","Month-to-month","Medium","0.5636412185134654","Targeted loyalty offer"
"CUST00515","33","One year","Low","0.1498632518892573","Regular satisfaction survey"
"CUST00516","52","Month-to-month","Medium","0.5371129085492065","Targeted loyalty offer"
"CUST00517","50","One year","Low","0.2093110965625113","Regular satisfaction survey"
"CUST00518","2","One year","Medium","0.6485390802299817","Targeted loyalty offer"
"CUST00519","41","Month-to-month","Low","0.1955394465678074","Regular satisfaction survey"
"CUST00520","31","One year","Low","0.19506754708734012","Regular satisfaction survey"
"CUST00521","50","Month-to-month","Low","0.06947913387740995","Regular satisfaction survey"
"CUST00522","45","One year","Low","0.10669936799682474","Regular satisfaction survey"
"CUST00523","20","Month-to-month","High","0.8374126721597052","Offer 1-year contract with 15% discount"
"CUST00524","43","One year","Low","0.12082077233157429","Regular satisfaction survey"
"CUST00525","10","Month-to-month","Medium","0.42694615754572096","Targeted loyalty offer"
"CUST00526","67","One year","Low","0.04431612129237144","Regular satisfaction survey"
"CUST00527","0","One year","Medium","0.6481490471366802","Targeted loyalty offer"
"CUST00528","62","One year","Low","0.3821065608846862","Regular satisfaction survey"
"CUST00529","23","Month-to-month","High","0.7452263429098658","Offer 1-year contract with 15% discount"
"CUST00530","12","Two year","Low","0.20463213529123103","Regular satisfaction survey"
"CUST00531","10","One year","Low","0.17007172777156856","Regular satisfaction survey"
"CUST00532","50","One year","Low","0.2629333613208442","Regular satisfaction survey"
"CUST00533","16","Month-to-month","Medium","0.6112097072985415","Targeted loyalty offer"
"CUST00534","23","One year","Low","0.07129458884292339","Regular satisfaction survey"
"CUST00535","18","One year","Low","0.155294806732779","Regular satisfaction survey"
"CUST00536","36","One year","Low","0.15066350883125376","Regular satisfaction survey"
"CUST00537","7","One year","Low","0.12742059321040444","Regular satisfaction survey"
"CUST00538","27","Two year","Low","0.06523322715126048","Regular satisfaction survey"
"CUST00539","4","Two year","Low","0.03920232823608862","Regular satisfaction survey"
"CUST00540","16","One year","Low","0.2956948904245945","Regular satisfaction survey"
"CUST00541","35","One year","Low","0.30397519324836536","Regular satisfaction survey"
"CUST00542","18","One year","Low","0.3946056722352734","Regular satisfaction survey"
"CUST00543","63","Two year","Low","0.1451927244627039","Regular satisfaction survey"
"CUST00544","10","Two year","Medium","0.5035643634024282","Targeted loyalty offer"
"CUST00545","53","Month-to-month","Low","0.09222025232330675","Regular satisfaction survey"
"CUST00546","44","Month-to-month","Medium","0.4288716649730184","Targeted loyalty offer"
"CUST00547","46","One year","Low","0.290625543483739","Regular satisfaction survey"
"CUST00548","11","One year","Low","0.06361864057192651","Regular satisfaction survey"
"CUST00549","20","Two year","Medium","0.41300475487529104","Targeted loyalty offer"
"CUST00550","10","One year","Low","0.2599501403332524","Regular satisfaction survey"
"CUST00551","4","One year","Low","0.3216179857845194","Regular satisfaction survey"
"CUST00552","55","Two year","Low","0.12174421398088363","Regular satisfaction survey"
"CUST00553","19","Two year","Low","0.16846738185217455","Regular satisfaction survey"
"CUST00554","40","Two year","Low","0.17329753146627427","Regular satisfaction survey"
"CUST00555","45","Two year","Low","0.33910034417275287","Regular satisfaction survey"
"CUST00556","11","Month-to-month","Low","0.273110448293067","Regular satisfaction survey"
"CUST00557","69","Two year","Low","0.10286605316013138","Regular satisfaction survey"
"CUST00558","16","Two year","Low","0.30033662036471415","Regular satisfaction survey"
"CUST00559","18","One year","Medium","0.6286627993209501","Targeted loyalty offer"
"CUST00560","25","One year","Low","0.18821180609829524","Regular satisfaction survey"
"CUST00561","47","One year","Low","0.12616558151159885","Regular satisfaction survey"
"CUST00562","51","Month-to-month","Medium","0.44981426276641595","Targeted loyalty offer"
"CUST00563","69","Two year","Low","0.02572999586459612","Regular satisfaction survey"
"CUST00564","54","Two year","Low","0.028824614581816108","Regular satisfaction survey"
"CUST00565","32","Month-to-month","Low","0.16347242845367346","Regular satisfaction survey"
"CUST00566","61","Two year","Low","0.09317130514166239","Regular satisfaction survey"
"CUST00567","22","One year","Medium","0.5207078351194322","Targeted loyalty offer"
"CUST00568","14","Month-to-month","Low","0.2728265505247282","Regular satisfaction survey"
"CUST00569","26","Two year","Low","0.1458471353263582","Regular satisfaction survey"
"CUST00570","63","Month-to-month","Low","0.04035235274661189","Regular satisfaction survey"
"CUST00571","50","Month-to-month","Low","0.1670397830137208","Regular satisfaction survey"
"CUST00572","52","Two year","Low","0.05526232959948931","Regular satisfaction survey"
"CUST00573","50","One year","Low","0.03400735033259592","Regular satisfaction survey"
"CUST00574","46","Two year","Low","0.025838418095752446","Regular satisfaction survey"
"CUST00575","3","Two year","Low","0.11994236346034905","Regular satisfaction survey"
"CUST00576","6","One year","Medium","0.5979607297903481","Targeted loyalty offer"
"CUST00577","34","Two year","Medium","0.4550773511021888","Targeted loyalty offer"
"CUST00578","47","Two year","Low","0.0995319573491099","Regular satisfaction survey"
"CUST00579","71","Two year","Low","0.036705857286867725","Regular satisfaction survey"
"CUST00580","44","Month-to-month","Low","0.319921875001912","Regular satisfaction survey"
"CUST00581","71","Month-to-month","Low","0.20764879546852988","Regular satisfaction survey"
"CUST00582","18","Month-to-month","Medium","0.5662221880769507","Targeted loyalty offer"
"CUST00583","62","Two year","Low","0.03408023485421085","Regular satisfaction survey"
"CUST00584","37","One year","Low","0.04899594532472426","Regular satisfaction survey"
"CUST00585","66","Month-to-month","Low","0.045380332577764186","Regular satisfaction survey"
"CUST00586","58","One year","Low","0.1683902394306129","Regular satisfaction survey"
"CUST00587","68","Two year","Low","0.020394009552163517","Regular satisfaction survey"
"CUST00588","12","Month-to-month","High","0.784048718595385","Offer 1-year contract with 15% discount"
"CUST00589","46","Two year","Low","0.02607593049176562","Regular satisfaction survey"
"CUST00590","60","One year","Low","0.29927963622054465","Regular satisfaction survey"
"CUST00591","30","Month-to-month","Low","0.14076721648131507","Regular satisfaction survey"
"CUST00592","21","Month-to-month","Low","0.1234187672336221","Regular satisfaction survey"
"CUST00593","42","Month-to-month","Medium","0.4031557014829275","Targeted loyalty offer"
"CUST00594","66","Month-to-month","Low","0.042103674493919385","Regular satisfaction survey"
"CUST00595","53","One year","Low","0.08036884095278957","Regular satisfaction survey"
"CUST00596","9","Month-to-month","Medium","0.6680409402878625","Targeted loyalty offer"
"CUST00597","41","Two year","Low","0.1910988657734648","Regular satisfaction survey"
"CUST00598","63","Month-to-month","Low","0.20428724873333579","Regular satisfaction survey"
"CUST00599","20","One year","Low","0.28113305897126206","Regular satisfaction survey"
"CUST00600","65","Month-to-month","Medium","0.5635325780395533","Targeted loyalty offer"
"CUST00601","40","One year","Low","0.10767795233541409","Regular satisfaction survey"
"CUST00602","23","One year","Low","0.36871800316706327","Regular satisfaction survey"
"CUST00603","34","Two year","Low","0.03932467410345149","Regular satisfaction survey"
"CUST00604","55","Month-to-month","Low","0.08045037890346181","Regular satisfaction survey"
"CUST00605","29","Month-to-month","Medium","0.5445195997928347","Targeted loyalty offer"
"CUST00606","56","Month-to-month","Low","0.22160385023666834","Regular satisfaction survey"
"CUST00607","46","Two year","Low","0.22040492953058327","Regular satisfaction survey"
"CUST00608","34","Two year","Low","0.04001343723484513","Regular satisfaction survey"
"CUST00609","18","One year","Low","0.36495255211863953","Regular satisfaction survey"
"CUST00610","7","One year","Medium","0.5331526859099758","Targeted loyalty offer"
"CUST00611","25","One year","Low","0.1415029416271971","Regular satisfaction survey"
"CUST00612","70","Two year","Low","0.05227356795477008","Regular satisfaction survey"
"CUST00613","29","Two year","Low","0.24947528344252407","Regular satisfaction survey"
"CUST00614","6","Two year","Low","0.09326305630648277","Regular satisfaction survey"
"CUST00615","66","One year","Low","0.030261953901338234","Regular satisfaction survey"
"CUST00616","64","Two year","Low","0.10536572497075615","Regular satisfaction survey"
"CUST00617","35","One year","Low","0.2370408694249585","Regular satisfaction survey"
"CUST00618","24","One year","Low","0.35341549369960806","Regular satisfaction survey"
"CUST00619","36","Month-to-month","Low","0.23551197448771577","Regular satisfaction survey"
"CUST00620","0","Month-to-month","Medium","0.614401601408129","Targeted loyalty offer"
"CUST00621","14","Month-to-month","Medium","0.5668751559562976","Targeted loyalty offer"
"CUST00622","36","One year","Low","0.270612173144186","Regular satisfaction survey"
"CUST00623","12","Month-to-month","Medium","0.667279792937298","Targeted loyalty offer"
"CUST00624","7","Month-to-month","Low","0.39533922476501865","Regular satisfaction survey"
"CUST00625","4","Month-to-month","Low","0.32692288907396233","Regular satisfaction survey"
"CUST00626","59","Two year","Low","0.014560160314949186","Regular satisfaction survey"
"CUST00627","0","One year","Low","0.15742550471424008","Regular satisfaction survey"
"CUST00628","35","Month-to-month","Low","0.15927761743908747","Regular satisfaction survey"
"CUST00629","34","Two year","Low","0.06476423466825411","Regular satisfaction survey"
"CUST00630","65","Two year","Low","0.15922016721763538","Regular satisfaction survey"
"CUST00631","62","Two year","Low","0.05771701666208566","Regular satisfaction survey"
"CUST00632","22","Month-to-month","Low","0.235197404265538","Regular satisfaction survey"
"CUST00633","8","Two year","Medium","0.5321927286824512","Targeted loyalty offer"
"CUST00634","33","One year","Low","0.09068925472147901","Regular satisfaction survey"
"CUST00635","45","Two year","Low","0.02496495012529447","Regular satisfaction survey"
"CUST00636","3","Two year","Low","0.21057026048918193","Regular satisfaction survey"
"CUST00637","29","Two year","Low","0.24372889830799485","Regular satisfaction survey"
"CUST00638","71","Two year","Low","0.02875340481014507","Regular satisfaction survey"
"CUST00639","2","One year","Low","0.2047146382569184","Regular satisfaction survey"
"CUST00640","13","Month-to-month","Low","0.27547563559416743","Regular satisfaction survey"
"CUST00641","59","One year","Low","0.048497034908584216","Regular satisfaction survey"
"CUST00642","44","One year","Low","0.11228120704324751","Regular satisfaction survey"
"CUST00643","33","Month-to-month","Medium","0.6846886755830636","Targeted loyalty offer"
"CUST00644","44","Two year","Low","0.0407117839174953","Regular satisfaction survey"
"CUST00645","60","Month-to-month","Low","0.1358244516386322","Regular satisfaction survey"
"CUST00646","15","Month-to-month","Low","0.20954817278920368","Regular satisfaction survey"
"CUST00647","65","One year","Low","0.3126707696978463","Regular satisfaction survey"
"CUST00648","39","Month-to-month","Low","0.09137969667502611","Regular satisfaction survey"
"CUST00649","16","Two year","Low","0.29398067358686414","Regular satisfaction survey"
"CUST00650","33","One year","Low","0.0440779540312453","Regular satisfaction survey"
"CUST00651","15","Two year","Low","0.39052268248471556","Regular satisfaction survey"
"CUST00652","59","One year","Low","0.06339059874112435","Regular satisfaction survey"
"CUST00653","65","Two year","Low","0.037569222335566685","Regular satisfaction survey"
"CUST00654","65","Month-to-month","Low","0.14352414923318002","Regular satisfaction survey"
"CUST00655","12","Month-to-month","Medium","0.6060789481193162","Targeted loyalty offer"
"CUST00656","55","Month-to-month","Low","0.21871899984721604","Regular satisfaction survey"
"CUST00657","30","Two year","Low","0.07357117293453591","Regular satisfaction survey"
"CUST00658","33","One year","Low","0.25717973059422566","Regular satisfaction survey"
"CUST00659","38","One year","Medium","0.4115673147959769","Targeted loyalty offer"
"CUST00660","66","One year","Low","0.1479592313978513","Regular satisfaction survey"
"CUST00661","7","Month-to-month","Medium","0.5593811493601025","Targeted loyalty offer"
"CUST00662","54","Two year","Low","0.1683621978607117","Regular satisfaction survey"
"CUST00663","26","One year","Low","0.10590586134445884","Regular satisfaction survey"
"CUST00664","52","Two year","Low","0.10658117381873748","Regular satisfaction survey"
"CUST00665","38","One year","Low","0.34562274577248375","Regular satisfaction survey"
"CUST00666","64","Month-to-month","Low","0.23542496421218678","Regular satisfaction survey"
"CUST00667","16","Two year","Low","0.0972037087655689","Regular satisfaction survey"
"CUST00668","29","One year","Low","0.22016310575346607","Regular satisfaction survey"
"CUST00669","52","One year","Low","0.23003388043145445","Regular satisfaction survey"
"CUST00670","12","One year","Low","0.3513764463690548","Regular satisfaction survey"
"CUST00671","20","One year","Low","0.3402503269477971","Regular satisfaction survey"
"CUST00672","18","Month-to-month","Medium","0.533114617037291","Targeted loyalty offer"
"CUST00673","52","One year","Low","0.11676879891104315","Regular satisfaction survey"
"CUST00674","18","One year","Medium","0.5220226654353423","Targeted loyalty offer"
"CUST00675","56","Month-to-month","Low","0.06842112722706896","Regular satisfaction survey"
"CUST00676","24","One year","Low","0.15746249101351678","Regular satisfaction survey"
"CUST00677","30","Two year","Low","0.1491050441101663","Regular satisfaction survey"
"CUST00678","54","Two year","Low","0.20771557751146014","Regular satisfaction survey"
"CUST00679","22","One year","Medium","0.5759857306352251","Targeted loyalty offer"
"CUST00680","31","Month-to-month","Low","0.16426570220155426","Regular satisfaction survey"
"CUST00681","61","Month-to-month","Low","0.08520583069793955","Regular satisfaction survey"
"CUST00682","9","Month-to-month","Medium","0.6732951698264226","Targeted loyalty offer"
"CUST00683","71","One year","Low","0.19503241720675135","Regular satisfaction survey"
"CUST00684","53","One year","Low","0.0725572291473448","Regular satisfaction survey"
"CUST00685","51","Two year","Low","0.025733461403981157","Regular satisfaction survey"
"CUST00686","19","Month-to-month","Medium","0.4836718727726315","Targeted loyalty offer"
"CUST00687","31","One year","Low","0.10163554578511377","Regular satisfaction survey"
"CUST00688","13","One year","Low","0.3750723533115615","Regular satisfaction survey"
"CUST00689","49","One year","Low","0.08911864811415582","Regular satisfaction survey"
"CUST00690","27","Month-to-month","Medium","0.6660953291719792","Targeted loyalty offer"
"CUST00691","52","Month-to-month","Low","0.16842880700418048","Regular satisfaction survey"
"CUST00692","23","Two year","Low","0.12072163013422317","Regular satisfaction survey"
"CUST00693","21","Month-to-month","Medium","0.6548898630239571","Targeted loyalty offer"
"CUST00694","29","One year","Low","0.13061628294328012","Regular satisfaction survey"
"CUST00695","62","Two year","Low","0.134410528621284","Regular satisfaction survey"
"CUST00696","3","Month-to-month","Medium","0.6056294490794083","Targeted loyalty offer"
"CUST00697","58","Month-to-month","Low","0.22359060589302981","Regular satisfaction survey"
"CUST00698","7","Month-to-month","Medium","0.6338330424562563","Targeted loyalty offer"
"CUST00699","11","Month-to-month","Medium","0.5457924677027475","Targeted loyalty offer"
"CUST00700","30","One year","Medium","0.5000245440448648","Targeted loyalty offer"
"CUST00701","33","Month-to-month","Low","0.23329301958526918","Regular satisfaction survey"
"CUST00702","48","One year","Medium","0.4777545803168853","Targeted loyalty offer"
"CUST00703","56","One year","Low","0.10068095457358475","Regular satisfaction survey"
"CUST00704","25","One year","Medium","0.4891183942084276","Targeted loyalty offer"
"CUST00705","17","Two year","Low","0.24228694890736352","Regular satisfaction survey"
"CUST00706","37","One year","Low","0.1193049115032226","Regular satisfaction survey"
"CUST00707","49","Month-to-month","Low","0.09378361767232997","Regular satisfaction survey"
"CUST00708","7","Two year","Low","0.10662902917693724","Regular satisfaction survey"
"CUST00709","40","Month-to-month","Medium","0.43701887391925476","Targeted loyalty offer"
"CUST00710","5","One year","Medium","0.5664965892159417","Targeted loyalty offer"
"CUST00711","68","Month-to-month","Low","0.034836531412068085","Regular satisfaction survey"
"CUST00712","43","Two year","Low","0.08952069336207534","Regular satisfaction survey"
"CUST00713","63","Two year","Low","0.10380405094874366","Regular satisfaction survey"
"CUST00714","28","Month-to-month","Medium","0.49763211145242947","Targeted loyalty offer"
"CUST00715","27","Month-to-month","Low","0.16758935124809138","Regular satisfaction survey"
"CUST00716","10","Month-to-month","Medium","0.4990143953292024","Targeted loyalty offer"
"CUST00717","64","Two year","Low","0.17143205576955078","Regular satisfaction survey"
"CUST00718","18","One year","Low","0.2423167287255913","Regular satisfaction survey"
"CUST00719","8","Month-to-month","Medium","0.6773054005170115","Targeted loyalty offer"
"CUST00720","26","One year","Medium","0.49044839167039067","Targeted loyalty offer"
"CUST00721","33","Two year","Low","0.1318517656605992","Regular satisfaction survey"
"CUST00722","43","Month-to-month","Low","0.2091273199034633","Regular satisfaction survey"
"CUST00723","67","Month-to-month","Low","0.3037342052066618","Regular satisfaction survey"
"CUST00724","14","Two year","Low","0.33269456538115955","Regular satisfaction survey"
"CUST00725","50","Month-to-month","Low","0.35587321346137335","Regular satisfaction survey"
"CUST00726","12","One year","Medium","0.5657992828894183","Targeted loyalty offer"
"CUST00727","48","Two year","Low","0.11371826781909557","Regular satisfaction survey"
"CUST00728","69","Two year","Low","0.049572950830100465","Regular satisfaction survey"
"CUST00729","55","Month-to-month","Low","0.11956187485398137","Regular satisfaction survey"
"CUST00730","50","Two year","Low","0.04822286942774757","Regular satisfaction survey"
"CUST00731","36","Month-to-month","Low","0.15168003850940795","Regular satisfaction survey"
"CUST00732","16","Month-to-month","High","0.7065340947662464","Offer 1-year contract with 15% discount"
"CUST00733","57","Two year","Low","0.23487724828015255","Regular satisfaction survey"
"CUST00734","28","Month-to-month","Medium","0.4990141946553057","Targeted loyalty offer"
"CUST00735","32","One year","Low","0.24226237806624168","Regular satisfaction survey"
"CUST00736","59","One year","Low","0.20687128386232315","Regular satisfaction survey"
"CUST00737","54","Month-to-month","Low","0.18899801461877816","Regular satisfaction survey"
"CUST00738","9","One year","Low","0.3251814627397723","Regular satisfaction survey"
"CUST00739","46","Month-to-month","Low","0.08436828403320007","Regular satisfaction survey"
"CUST00740","22","One year","Low","0.11465570267557297","Regular satisfaction survey"
"CUST00741","20","Two year","Low","0.1493736587365265","Regular satisfaction survey"
"CUST00742","12","Month-to-month","Medium","0.5776938926987222","Targeted loyalty offer"
"CUST00743","32","Month-to-month","Low","0.25634644518866884","Regular satisfaction survey"
"CUST00744","23","Month-to-month","Low","0.2623510414319524","Regular satisfaction survey"
"CUST00745","10","Month-to-month","High","0.705744993214083","Offer 1-year contract with 15% discount"
"CUST00746","16","Month-to-month","Medium","0.43197334982418245","Targeted loyalty offer"
"CUST00747","67","Month-to-month","Low","0.08505017077464667","Regular satisfaction survey"
"CUST00748","46","Two year","Low","0.01353967850892757","Regular satisfaction survey"
"CUST00749","24","Two year","Low","0.22905919831554825","Regular satisfaction survey"
"CUST00750","20","One year","Low","0.36708199309287276","Regular satisfaction survey"
"CUST00751","11","Month-to-month","Low","0.2541088087912163","Regular satisfaction survey"
"CUST00752","36","One year","Low","0.3691356458560469","Regular satisfaction survey"
"CUST00753","41","One year","Low","0.04610241466681283","Regular satisfaction survey"
"CUST00754","16","Two year","Low","0.3053228984781996","Regular satisfaction survey"
"CUST00755","47","One year","Low","0.051555760637843284","Regular satisfaction survey"
"CUST00756","27","Two year","Medium","0.4519154421703876","Targeted loyalty offer"
"CUST00757","40","One year","Low","0.20672098154228052","Regular satisfaction survey"
"CUST00758","46","Month-to-month","Low","0.19740277944487383","Regular satisfaction survey"
"CUST00759","17","One year","Medium","0.41999177065330295","Targeted loyalty offer"
"CUST00760","70","Two year","Low","0.05242894638867653","Regular satisfaction survey"
"CUST00761","12","Two year","Medium","0.4180611137937314","Targeted loyalty offer"
"CUST00762","12","Two year","Low","0.19929365160159837","Regular satisfaction survey"
"CUST00763","30","One year","Low","0.09686501474458539","Regular satisfaction survey"
"CUST00764","1","One year","Low","0.3787785365482565","Regular satisfaction survey"
"CUST00765","15","Two year","Low","0.05666416329492138","Regular satisfaction survey"
"CUST00766","8","Month-to-month","Low","0.25735208272360527","Regular satisfaction survey"
"CUST00767","37","Month-to-month","Medium","0.6221604988254824","Targeted loyalty offer"
"CUST00768","53","One year","Low","0.11014993146823868","Regular satisfaction survey"
"CUST00769","55","One year","Low","0.35139817613931096","Regular satisfaction survey"
"CUST00770","44","Two year","Low","0.1429425708049213","Regular satisfaction survey"
"CUST00771","33","One year","Low","0.11272840014154759","Regular satisfaction survey"
"CUST00772","8","One year","Low","0.11177842942991385","Regular satisfaction survey"
"CUST00773","7","Two year","Low","0.2617131659004448","Regular satisfaction survey"
"CUST00774","6","Two year","Low","0.21212168750152005","Regular satisfaction survey"
"CUST00775","35","One year","Medium","0.5888694639268393","Targeted loyalty offer"
"CUST00776","17","Month-to-month","Medium","0.48106117100020807","Targeted loyalty offer"
"CUST00777","2","One year","Medium","0.4979044921983945","Targeted loyalty offer"
"CUST00778","27","Month-to-month","Medium","0.4512287484250382","Targeted loyalty offer"
"CUST00779","69","Month-to-month","Medium","0.4141767391531274","Targeted loyalty offer"
"CUST00780","43","Month-to-month","Medium","0.45757669775751886","Targeted loyalty offer"
"CUST00781","20","Two year","Low","0.13361483378596892","Regular satisfaction survey"
"CUST00782","27","Two year","Medium","0.42000698569880274","Targeted loyalty offer"
"CUST00783","53","Two year","Low","0.20519902707184484","Regular satisfaction survey"
"CUST00784","53","One year","Low","0.04458711553378303","Regular satisfaction survey"
"CUST00785","64","Two year","Low","0.028471388563416116","Regular satisfaction survey"
"CUST00786","20","Two year","Low","0.06432326336232716","Regular satisfaction survey"
"CUST00787","12","One year","Low","0.22936254525226735","Regular satisfaction survey"
"CUST00788","56","One year","Low","0.10721444311318018","Regular satisfaction survey"
"CUST00789","48","Month-to-month","Low","0.3124088989389398","Regular satisfaction survey"
"CUST00790","53","One year","Low","0.34808295062515576","Regular satisfaction survey"
"CUST00791","9","One year","Medium","0.6292724539183788","Targeted loyalty offer"
"CUST00792","52","Two year","Low","0.01602870644349544","Regular satisfaction survey"
"CUST00793","43","Month-to-month","Low","0.223639111982399","Regular satisfaction survey"
"CUST00794","46","Month-to-month","Low","0.10300879128302096","Regular satisfaction survey"
"CUST00795","52","One year","Low","0.05398337488156072","Regular satisfaction survey"
"CUST00796","45","Two year","Low","0.04494140282936271","Regular satisfaction survey"
"CUST00797","12","Two year","Low","0.14390821209044005","Regular satisfaction survey"
"CUST00798","36","Two year","Low","0.19314380749833893","Regular satisfaction survey"
"CUST00799","23","Two year","Low","0.036912054484942204","Regular satisfaction survey"
"CUST00800","1","One year","Medium","0.6124532777320298","Targeted loyalty offer"
"CUST00801","13","Two year","Low","0.26457316598415276","Regular satisfaction survey"
"CUST00802","9","Month-to-month","High","0.8255313059443586","Offer 1-year contract with 15% discount"
"CUST00803","34","Month-to-month","Medium","0.4146076299654573","Targeted loyalty offer"
"CUST00804","24","One year","Low","0.39371402309757836","Regular satisfaction survey"
"CUST00805","2","Two year","Medium","0.48542338677573316","Targeted loyalty offer"
"CUST00806","16","Two year","Low","0.08931138271999484","Regular satisfaction survey"
"CUST00807","11","Two year","Low","0.3385055155965994","Regular satisfaction survey"
"CUST00808","53","Two year","Low","0.011319440407299318","Regular satisfaction survey"
"CUST00809","23","One year","Medium","0.4023883221168493","Targeted loyalty offer"
"CUST00810","28","Two year","Low","0.05887176716572748","Regular satisfaction survey"
"CUST00811","42","One year","Low","0.23910349721073704","Regular satisfaction survey"
"CUST00812","24","Two year","Low","0.0904486914455787","Regular satisfaction survey"
"CUST00813","59","Two year","Low","0.06680316749263256","Regular satisfaction survey"
"CUST00814","64","Month-to-month","Low","0.08600659073273073","Regular satisfaction survey"
"CUST00815","27","One year","Medium","0.5642863905272709","Targeted loyalty offer"
"CUST00816","15","Month-to-month","Medium","0.6897862416042604","Targeted loyalty offer"
"CUST00817","46","One year","Low","0.0528654377330352","Regular satisfaction survey"
"CUST00818","57","Two year","Low","0.15140612844975568","Regular satisfaction survey"
"CUST00819","26","Two year","Low","0.06204299467227434","Regular satisfaction survey"
"CUST00820","52","One year","Low","0.07068654987382589","Regular satisfaction survey"
"CUST00821","41","Month-to-month","Medium","0.5002749897426969","Targeted loyalty offer"
"CUST00822","58","One year","Low","0.04332448471739409","Regular satisfaction survey"
"CUST00823","46","One year","Low","0.3422034914937586","Regular satisfaction survey"
"CUST00824","33","Two year","Low","0.1973862814014268","Regular satisfaction survey"
"CUST00825","36","Month-to-month","Low","0.14603293537155979","Regular satisfaction survey"
"CUST00826","5","One year","Medium","0.523084276646469","Targeted loyalty offer"
"CUST00827","6","Month-to-month","Low","0.25795655286691355","Regular satisfaction survey"
"CUST00828","24","Month-to-month","Low","0.19714972694396796","Regular satisfaction survey"
"CUST00829","32","One year","Low","0.11883306986283479","Regular satisfaction survey"
"CUST00830","54","Month-to-month","Medium","0.6070443669905338","Targeted loyalty offer"
"CUST00831","57","Two year","Low","0.0741024220853606","Regular satisfaction survey"
"CUST00832","6","Two year","Low","0.07620849270201795","Regular satisfaction survey"
"CUST00833","56","Two year","Low","0.14787286490327223","Regular satisfaction survey"
"CUST00834","11","Two year","Low","0.07151627842040181","Regular satisfaction survey"
"CUST00835","15","Month-to-month","High","0.7781914100839729","Offer 1-year contract with 15% discount"
"CUST00836","42","Two year","Low","0.03727374202817306","Regular satisfaction survey"
"CUST00837","6","One year","Low","0.3433036587861759","Regular satisfaction survey"
"CUST00838","50","Two year","Low","0.08997226551236477","Regular satisfaction survey"
"CUST00839","31","One year","Low","0.06677941683277079","Regular satisfaction survey"
"CUST00840","7","One year","Medium","0.6683074353345292","Targeted loyalty offer"
"CUST00841","71","Two year","Low","0.012545476325768837","Regular satisfaction survey"
"CUST00842","44","Two year","Low","0.201962417407498","Regular satisfaction survey"
"CUST00843","58","Month-to-month","Low","0.06508298528745127","Regular satisfaction survey"
"CUST00844","3","One year","Medium","0.624809430685785","Targeted loyalty offer"
"CUST00845","66","Two year","Low","0.08885041751776605","Regular satisfaction survey"
"CUST00846","28","Month-to-month","Low","0.1539582946672766","Regular satisfaction survey"
"CUST00847","28","Two year","Low","0.09151034282040589","Regular satisfaction survey"
"CUST00848","27","Two year","Low","0.1170552881483814","Regular satisfaction survey"
"CUST00849","43","Two year","Low","0.0323989668677327","Regular satisfaction survey"
"CUST00850","3","One year","Low","0.2426723904539383","Regular satisfaction survey"
"CUST00851","8","Two year","Low","0.3515917647919121","Regular satisfaction survey"
"CUST00852","4","Month-to-month","High","0.8671768233321351","Offer 1-year contract with 15% discount"
"CUST00853","55","Two year","Low","0.1120791304370723","Regular satisfaction survey"
"CUST00854","49","Two year","Low","0.1846530920324823","Regular satisfaction survey"
"CUST00855","14","Month-to-month","High","0.7136668477832389","Offer 1-year contract with 15% discount"
"CUST00856","31","Month-to-month","Low","0.126003461012137","Regular satisfaction survey"
"CUST00857","27","One year","Low","0.28671636536911593","Regular satisfaction survey"
"CUST00858","21","One year","Low","0.22652747500269227","Regular satisfaction survey"
"CUST00859","16","One year","Medium","0.4160961101059347","Targeted loyalty offer"
"CUST00860","58","One year","Low","0.2120208057786935","Regular satisfaction survey"
"CUST00861","70","Month-to-month","Low","0.06076891404811268","Regular satisfaction survey"
"CUST00862","56","Two year","Low","0.03596532015774579","Regular satisfaction survey"
"CUST00863","25","Two year","Low","0.38757594460794653","Regular satisfaction survey"
"CUST00864","24","Two year","Low","0.037931423398625146","Regular satisfaction survey"
"CUST00865","9","One year","Medium","0.5244316470638579","Targeted loyalty offer"
"CUST00866","44","Month-to-month","Low","0.08759149561718169","Regular satisfaction survey"
"CUST00867","10","Month-to-month","Low","0.3434467539864385","Regular satisfaction survey"
"CUST00868","52","Month-to-month","Medium","0.6248779068592951","Targeted loyalty offer"
"CUST00869","71","Two year","Low","0.09531370192310022","Regular satisfaction survey"
"CUST00870","67","One year","Low","0.04469148022966302","Regular satisfaction survey"
"CUST00871","27","Month-to-month","Low","0.1746664137307555","Regular satisfaction survey"
"CUST00872","64","One year","Low","0.17898312659406299","Regular satisfaction survey"
"CUST00873","48","Month-to-month","Low","0.3822921509630358","Regular satisfaction survey"
"CUST00874","46","One year","Medium","0.5051162969330137","Targeted loyalty offer"
"CUST00875","51","Month-to-month","Low","0.19367049636182007","Regular satisfaction survey"
"CUST00876","53","One year","Low","0.2302177096567032","Regular satisfaction survey"
"CUST00877","59","Month-to-month","Low","0.1948134860573844","Regular satisfaction survey"
"CUST00878","56","Month-to-month","Medium","0.604758050685852","Targeted loyalty offer"
"CUST00879","46","One year","Low","0.04906812851553414","Regular satisfaction survey"
"CUST00880","30","One year","Low","0.3412917821173491","Regular satisfaction survey"
"CUST00881","45","Two year","Low","0.02509495716979138","Regular satisfaction survey"
"CUST00882","25","One year","Low","0.18785500049694032","Regular satisfaction survey"
"CUST00883","4","Month-to-month","High","0.7279092565837528","Offer 1-year contract with 15% discount"
"CUST00884","51","Month-to-month","Low","0.07115369988284855","Regular satisfaction survey"
"CUST00885","53","One year","Low","0.04461635379411328","Regular satisfaction survey"
"CUST00886","32","Two year","Low","0.0894397551854765","Regular satisfaction survey"
"CUST00887","49","One year","Low","0.1504381480887977","Regular satisfaction survey"
"CUST00888","37","Month-to-month","Low","0.37674068039365355","Regular satisfaction survey"
"CUST00889","26","Month-to-month","Medium","0.49743534041269005","Targeted loyalty offer"
"CUST00890","14","Two year","Low","0.06834872259961221","Regular satisfaction survey"
"CUST00891","60","One year","Low","0.16829962269077717","Regular satisfaction survey"
"CUST00892","20","Month-to-month","Low","0.1446944261528349","Regular satisfaction survey"
"CUST00893","45","Month-to-month","Low","0.1526113460318897","Regular satisfaction survey"
"CUST00894","68","Month-to-month","Low","0.05095885394660667","Regular satisfaction survey"
"CUST00895","5","One year","High","0.8473162319292021","Suggest automatic payment enrollment"
"CUST00896","37","One year","Low","0.08197160128171423","Regular satisfaction survey"
"CUST00897","61","Two year","Low","0.029715877624023793","Regular satisfaction survey"
"CUST00898","61","Month-to-month","Low","0.16646689321393074","Regular satisfaction survey"
"CUST00899","45","Month-to-month","Medium","0.4328033642634418","Targeted loyalty offer"
"CUST00900","12","Two year","Low","0.10577261479577238","Regular satisfaction survey"
"CUST00901","2","Month-to-month","Medium","0.6630588924081415","Targeted loyalty offer"
"CUST00902","5","Two year","Low","0.0722631595543381","Regular satisfaction survey"
"CUST00903","7","Two year","Low","0.048422073272195956","Regular satisfaction survey"
"CUST00904","43","Month-to-month","Low","0.24591036877786324","Regular satisfaction survey"
"CUST00905","32","One year","Low","0.09856174667269993","Regular satisfaction survey"
"CUST00906","49","One year","Low","0.024620306400229858","Regular satisfaction survey"
"CUST00907","10","One year","Medium","0.5530980779590968","Targeted loyalty offer"
"CUST00908","27","One year","Low","0.1124976266682169","Regular satisfaction survey"
"CUST00909","69","Month-to-month","Low","0.15436789838231213","Regular satisfaction survey"
"CUST00910","40","Two year","Low","0.1399234319810558","Regular satisfaction survey"
"CUST00911","15","Two year","Low","0.08294813130653081","Regular satisfaction survey"
"CUST00912","67","Month-to-month","Low","0.12062195470047918","Regular satisfaction survey"
"CUST00913","47","One year","Low","0.16945418941283577","Regular satisfaction survey"
"CUST00914","55","Two year","Low","0.0316225545990607","Regular satisfaction survey"
"CUST00915","63","Month-to-month","Low","0.05496765328648132","Regular satisfaction survey"
"CUST00916","58","Month-to-month","Low","0.21292199930278422","Regular satisfaction survey"
"CUST00917","61","One year","Low","0.04267265454965612","Regular satisfaction survey"
"CUST00918","10","Month-to-month","Medium","0.43307455083072","Targeted loyalty offer"
"CUST00919","17","Two year","Low","0.06581345611638528","Regular satisfaction survey"
"CUST00920","18","Two year","Low","0.04479213872964093","Regular satisfaction survey"
"CUST00921","54","Month-to-month","Medium","0.4743078450098821","Targeted loyalty offer"
"CUST00922","25","Two year","Low","0.04384445316245364","Regular satisfaction survey"
"CUST00923","5","Month-to-month","High","0.7201105857444681","Offer 1-year contract with 15% discount"
"CUST00924","3","Two year","Low","0.08544232699124393","Regular satisfaction survey"
"CUST00925","28","One year","Low","0.17032280264533478","Regular satisfaction survey"
"CUST00926","58","Two year","Low","0.028946763997142026","Regular satisfaction survey"
"CUST00927","16","One year","Low","0.233402299922315","Regular satisfaction survey"
"CUST00928","42","One year","Low","0.049622479235360506","Regular satisfaction survey"
"CUST00929","65","Month-to-month","Low","0.23766197937916772","Regular satisfaction survey"
"CUST00930","33","One year","Low","0.1197020200709251","Regular satisfaction survey"
"CUST00931","7","Two year","Medium","0.552836049697547","Targeted loyalty offer"
"CUST00932","12","Two year","Low","0.32810476417350287","Regular satisfaction survey"
"CUST00933","7","One year","Medium","0.5935883384456996","Targeted loyalty offer"
"CUST00934","64","Month-to-month","Low","0.1525650341864971","Regular satisfaction survey"
"CUST00935","42","One year","Low","0.2836442861133883","Regular satisfaction survey"
"CUST00936","38","Two year","Low","0.06031558367883763","Regular satisfaction survey"
"CUST00937","58","Two year","Low","0.020171544690086408","Regular satisfaction survey"
"CUST00938","43","One year","Low","0.1788116141287075","Regular satisfaction survey"
"CUST00939","8","One year","Low","0.10671101843956303","Regular satisfaction survey"
"CUST00940","36","One year","Low","0.07344808762531445","Regular satisfaction survey"
"CUST00941","35","Two year","Low","0.254755746883185","Regular satisfaction survey"
"CUST00942","27","Two year","Low","0.04288535072503538","Regular satisfaction survey"
"CUST00943","41","Two year","Low","0.04286680630483213","Regular satisfaction survey"
"CUST00944","42","Month-to-month","Low","0.08074187023971663","Regular satisfaction survey"
"CUST00945","41","Two year","Low","0.26002411493678085","Regular satisfaction survey"
"CUST00946","65","Two year","Low","0.02177334418191082","Regular satisfaction survey"
"CUST00947","54","Month-to-month","Low","0.26584007671454196","Regular satisfaction survey"
"CUST00948","71","Month-to-month","Low","0.2766458910386328","Regular satisfaction survey"
"CUST00949","47","Month-to-month","Medium","0.4840573494095555","Targeted loyalty offer"
"CUST00950","21","Month-to-month","Medium","0.47171832556492854","Targeted loyalty offer"
"CUST00951","26","Month-to-month","High","0.7514694389720163","Offer 1-year contract with 15% discount"
"CUST00952","66","Month-to-month","Low","0.1999046906557809","Regular satisfaction survey"
"CUST00953","12","One year","Medium","0.43131791165960026","Targeted loyalty offer"
"CUST00954","44","One year","Low","0.18770348073649198","Regular satisfaction survey"
"CUST00955","9","One year","Medium","0.6628383490182252","Targeted loyalty offer"
"CUST00956","8","One year","Medium","0.5362403253605539","Targeted loyalty offer"
"CUST00957","53","Two year","Low","0.042766402528296624","Regular satisfaction survey"
"CUST00958","26","Month-to-month","Medium","0.46149556707810296","Targeted loyalty offer"
"CUST00959","33","Two year","Low","0.12135802774680428","Regular satisfaction survey"
"CUST00960","0","Month-to-month","Medium","0.5316736746491081","Targeted loyalty offer"
"CUST00961","31","Month-to-month","Medium","0.4611921037319051","Targeted loyalty offer"
"CUST00962","70","Two year","Low","0.1270671294475459","Regular satisfaction survey"
"CUST00963","66","One year","Low","0.19273813363140715","Regular satisfaction survey"
"CUST00964","19","Two year","Low","0.14537571053677026","Regular satisfaction survey"
"CUST00965","34","Two year","Low","0.18581531548551777","Regular satisfaction survey"
"CUST00966","16","Month-to-month","Low","0.17868026975946924","Regular satisfaction survey"
"CUST00967","17","Month-to-month","Low","0.21798630773698607","Regular satisfaction survey"
"CUST00968","44","Month-to-month","Low","0.36325384197384664","Regular satisfaction survey"
"CUST00969","52","One year","Low","0.11558443901085734","Regular satisfaction survey"
"CUST00970","67","Two year","Low","0.08567443775598978","Regular satisfaction survey"
"CUST00971","64","Two year","Low","0.13500252149345907","Regular satisfaction survey"
"CUST00972","0","One year","Low","0.14086393172325032","Regular satisfaction survey"
"CUST00973","57","Two year","Low","0.10506527500794151","Regular satisfaction survey"
"CUST00974","25","Two year","Low","0.25185675876684493","Regular satisfaction survey"
"CUST00975","19","Month-to-month","Medium","0.5343057967633196","Targeted loyalty offer"
"CUST00976","9","One year","Low","0.3673006819191502","Regular satisfaction survey"
"CUST00977","58","Month-to-month","Medium","0.40501292794854143","Targeted loyalty offer"
"CUST00978","40","One year","Low","0.18397729680085687","Regular satisfaction survey"
"CUST00979","4","Month-to-month","High","0.7582143563277771","Offer 1-year contract with 15% discount"
"CUST00980","64","Two year","Low","0.0731055653795538","Regular satisfaction survey"
"CUST00981","16","One year","Low","0.21739345384561984","Regular satisfaction survey"
"CUST00982","21","One year","Low","0.2133247238314599","Regular satisfaction survey"
"CUST00983","40","Month-to-month","Medium","0.4215802815458178","Targeted loyalty offer"
"CUST00984","67","One year","Low","0.2105845715631141","Regular satisfaction survey"
"CUST00985","68","Two year","Low","0.020759325728695092","Regular satisfaction survey"
"CUST00986","10","Two year","Low","0.2599685586599142","Regular satisfaction survey"
"CUST00987","55","Two year","Low","0.14242812001628571","Regular satisfaction survey"
"CUST00988","50","Month-to-month","Low","0.34074189100465907","Regular satisfaction survey"
"CUST00989","20","One year","Low","0.2716880801587384","Regular satisfaction survey"
"CUST00990","25","Month-to-month","Low","0.12661191682903453","Regular satisfaction survey"
"CUST00991","18","Two year","Low","0.16667537602446506","Regular satisfaction survey"
"CUST00992","59","One year","Low","0.2533221703452787","Regular satisfaction survey"
"CUST00993","70","Two year","Low","0.019776450974757862","Regular satisfaction survey"
"CUST00994","46","One year","Low","0.29809690590554583","Regular satisfaction survey"
"CUST00995","70","One year","Low","0.15729290448616712","Regular satisfaction survey"
"CUST00996","25","Month-to-month","Low","0.14183785216066308","Regular satisfaction survey"
"CUST00997","39","One year","Low","0.2785365269757874","Regular satisfaction survey"
"CUST00998","4","Two year","Low","0.3090692920327404","Regular satisfaction survey"
"CUST00999","20","One year","Medium","0.48431152709172676","Targeted loyalty offer"